y_true,y_pred
1.0,0.5126799
0.0,0.08624926
0.0,0.313486
1.0,0.24301805
1.0,0.9902913
0.0,0.7872276
0.0,0.9861835
1.0,0.9583843
0.0,0.9982455
1.0,0.83600366
1.0,0.9979044
0.0,0.45791563
1.0,0.957644
0.0,0.106725775
1.0,0.77987903
1.0,0.8774389
0.0,0.88643485
1.0,0.9999782
0.0,0.17865369
1.0,0.94481117
1.0,0.99991286
0.0,0.08495323
0.0,0.07770435
0.0,0.28319898
1.0,0.96576005
0.0,0.6943369
1.0,0.9063013
1.0,0.998963
0.0,0.84273225
1.0,0.8662644
