y_true,y_pred
1.0,0.0727498
0.0,0.021121493
0.0,0.0010380035
1.0,0.99987876
1.0,1.0
0.0,0.011474664
0.0,0.009877043
1.0,0.08125684
0.0,0.6662506
1.0,0.9999999
1.0,0.7423883
0.0,0.034436043
1.0,0.9999989
0.0,0.2539879
1.0,0.0020280993
1.0,0.9627536
0.0,0.027086813
1.0,0.00037564695
0.0,0.011107385
1.0,0.9956298
1.0,0.98738176
0.0,0.17264926
0.0,0.05113676
0.0,0.2306757
1.0,1.0
