y_true,y_pred
1.0,0.9999776
0.0,0.08744448
0.0,0.9999933
1.0,0.99919134
1.0,0.969583
0.0,0.99999905
0.0,0.9994758
1.0,0.9982181
0.0,0.99069923
1.0,0.95253706
1.0,0.18260203
0.0,0.99999845
1.0,0.98653907
0.0,0.85289574
1.0,0.7524561
1.0,0.99733317
0.0,0.99229795
1.0,0.98341423
0.0,0.99995565
1.0,0.7474381
1.0,0.9848958
0.0,0.48732808
0.0,0.996639
0.0,0.999796
1.0,0.038023118
0.0,0.49561265
1.0,0.015168919
