y_true,y_pred
1.0,0.9991487
0.0,0.012351133
0.0,0.00027525207
1.0,1.0
1.0,0.91945356
0.0,0.0003747983
0.0,0.042412736
1.0,0.99991965
0.0,0.00018054045
1.0,0.99535674
1.0,0.9998753
0.0,0.19613744
1.0,0.99976224
0.0,0.9917401
1.0,0.9999944
1.0,0.98788995
0.0,0.82405776
1.0,0.9809817
0.0,0.9999989
1.0,0.9725993
1.0,0.96671385
0.0,0.14959422
0.0,0.50644475
0.0,0.89828277
1.0,0.9826115
0.0,0.99344057
1.0,0.99817884
1.0,1.0
0.0,0.31642896
1.0,0.9999988
1.0,1.0
0.0,0.27327472
1.0,0.91044044
