y_true,y_pred
1.0,0.99757916
0.0,0.024706628
0.0,0.01672152
1.0,0.9937762
1.0,0.9999995
0.0,0.97108924
0.0,0.854042
1.0,0.9692458
0.0,0.0039407285
1.0,0.5848295
1.0,0.99991524
0.0,0.06351519
1.0,0.8310894
0.0,0.09314042
1.0,0.997563
1.0,0.9999285
0.0,0.83544165
1.0,0.428827
0.0,0.9845627
1.0,0.9063842
