y_true,y_pred
1.0,0.79239184
0.0,0.0012903283
0.0,0.02676339
1.0,0.6759362
1.0,0.94887465
0.0,0.99951804
0.0,0.018911755
1.0,0.9998449
0.0,0.034858488
1.0,0.09539834
1.0,0.99848133
0.0,0.99256366
1.0,0.99703383
0.0,0.92834646
1.0,0.97624516
1.0,0.060633246
0.0,0.0030945444
1.0,0.8338923
0.0,0.99998295
1.0,0.30532053
1.0,0.9996197
0.0,0.955107
0.0,0.9998318
0.0,0.9992493
1.0,0.99694556
0.0,0.083707444
1.0,0.9986975
1.0,0.99924684
0.0,0.9998196
1.0,0.9947259
