y_true,y_pred
1.0,0.9949314
0.0,0.12181202
0.0,0.112571426
1.0,0.23978993
1.0,0.8441668
0.0,0.9215896
0.0,0.36032557
1.0,0.83779544
0.0,0.5453189
1.0,0.8843156
1.0,0.75812674
0.0,0.25596875
1.0,0.87175345
0.0,0.18097937
1.0,0.5848155
1.0,0.5583859
0.0,0.15215036
1.0,0.54769295
0.0,0.18800335
1.0,0.9915565
1.0,0.2730368
0.0,0.49170417
0.0,0.7183758
0.0,0.1422284
1.0,0.6135917
0.0,0.2808988
