y_true,y_pred
1.0,0.56384885
0.0,0.2344799
0.0,0.050549954
1.0,0.5847356
1.0,0.9466649
0.0,0.473295
0.0,0.51974654
1.0,0.94680756
0.0,0.018711042
1.0,0.9287609
1.0,0.8889876
0.0,0.024492912
1.0,0.6540927
0.0,0.14273563
1.0,0.35300756
1.0,0.46461257
0.0,0.011074223
1.0,0.77317226
0.0,0.18511948
1.0,0.8184737
1.0,0.21099687
0.0,0.3087394
0.0,0.22297879
0.0,0.12468717
1.0,0.36263174
0.0,0.55181
1.0,0.9699378
1.0,0.82720864
0.0,0.22596483
1.0,0.6739579
1.0,0.9864856
0.0,0.2047733
