y_true,y_pred
1.0,0.946582
0.0,0.10998664
0.0,0.77968514
1.0,0.9997428
1.0,0.7040631
0.0,0.9924884
0.0,0.000213786
1.0,0.97461987
0.0,0.9838128
1.0,0.99999976
1.0,0.9999989
0.0,0.9950848
1.0,0.9585516
0.0,0.93799037
1.0,0.9280295
1.0,0.8735849
0.0,0.9995639
1.0,0.97192985
0.0,0.9414832
1.0,0.13648707
1.0,0.99993885
0.0,0.008421542
0.0,0.098975964
0.0,0.51041347
1.0,0.9857373
0.0,0.80113435
1.0,0.31336877
1.0,0.9594244
0.0,0.07142785
1.0,0.9888843
1.0,0.7584302
0.0,0.10789872
