y_true,y_pred
1.0,0.9997719
0.0,0.5774069
0.0,0.637636
1.0,0.8503756
1.0,0.97809255
0.0,0.998718
0.0,0.6734595
1.0,0.9249974
0.0,0.97987247
1.0,0.24668023
1.0,0.36433238
0.0,0.99997735
1.0,0.46602276
0.0,0.010633355
1.0,0.99977857
1.0,0.99765354
0.0,0.99998
1.0,0.9998252
0.0,0.9995435
1.0,0.7922415
1.0,0.8877129
0.0,0.9882549
0.0,0.7302113
0.0,0.82678896
1.0,0.9999925
0.0,0.76272136
1.0,0.37195975
1.0,0.89840376
0.0,0.7679017
1.0,0.9999571
