y_true,y_pred
1.0,0.0087488
0.0,0.00024454715
0.0,0.62157595
1.0,0.99994755
1.0,0.9985549
0.0,0.99927264
0.0,0.9995166
1.0,0.8697199
0.0,0.9999918
1.0,0.33804187
1.0,0.99960715
0.0,0.9659303
1.0,0.28712547
0.0,0.9996879
1.0,0.9929437
1.0,0.22347413
0.0,0.09995692
1.0,0.8228556
0.0,0.9918637
1.0,0.9992318
1.0,0.71755314
0.0,0.6834785
0.0,0.87933004
0.0,0.9807592
1.0,0.99958247
0.0,0.9956507
1.0,0.9983342
1.0,0.9999999
