y_true,y_pred
1.0,0.9691421
0.0,0.9998685
0.0,0.12956558
1.0,0.65150523
1.0,0.99647397
0.0,0.17623767
0.0,0.8790115
1.0,0.9996152
0.0,0.99382436
1.0,0.22124422
1.0,0.9999597
0.0,0.99989617
1.0,0.99998605
0.0,0.99496055
1.0,0.8656953
1.0,0.72857445
0.0,0.41329762
1.0,0.9792436
0.0,0.9803554
1.0,0.31973702
1.0,0.9999616
0.0,0.08644665
0.0,0.679182
0.0,0.9990294
1.0,0.32832548
0.0,0.00871868
1.0,0.9780954
1.0,0.99352807
0.0,0.9699205
1.0,0.99913967
1.0,0.98722166
