y_true,y_pred
1.0,0.79972047
0.0,0.06589854
0.0,0.073134564
1.0,0.8459329
1.0,0.87608606
0.0,0.17263086
0.0,0.07941143
1.0,0.91592807
0.0,0.028925236
1.0,0.6582434
1.0,0.9981864
0.0,0.005941554
1.0,0.6655934
0.0,0.31222615
1.0,0.067706615
1.0,0.9983235
0.0,0.3670553
1.0,0.8125956
0.0,0.0065911952
1.0,0.7970337
1.0,0.9880195
0.0,0.05187912
0.0,0.018893652
0.0,0.031965133
1.0,0.9328309
0.0,0.031982142
1.0,0.9025888
1.0,0.878872
0.0,0.88521814
