y_true,y_pred
1.0,0.9079036
0.0,0.013513587
0.0,0.49733666
1.0,0.9998604
1.0,0.0029398212
0.0,0.7983472
0.0,0.054162174
1.0,0.9885052
0.0,0.9937103
1.0,0.9966788
1.0,0.9999968
0.0,0.5177086
1.0,0.98645616
0.0,0.24362428
1.0,0.92840326
1.0,0.46383557
0.0,0.13371418
1.0,0.20985948
0.0,0.61400414
1.0,0.1031827
1.0,0.47445133
0.0,0.97793216
0.0,0.018476887
0.0,0.05709524
1.0,0.8444591
0.0,0.03496833
1.0,0.9957912
1.0,0.9993228
