y_true,y_pred
1.0,0.9277501
0.0,0.07696615
0.0,0.003886466
1.0,0.8929657
1.0,0.995456
0.0,0.05321188
0.0,0.19882354
1.0,0.8451586
0.0,0.05528186
1.0,0.9467895
1.0,0.39329484
0.0,0.13940516
1.0,0.96545094
0.0,0.01963432
1.0,0.07866654
1.0,0.96392995
0.0,0.23699337
1.0,0.994599
0.0,0.025838617
1.0,0.95014966
1.0,0.73012185
0.0,0.6374826
0.0,0.8956875
0.0,0.47807917
1.0,0.9131396
0.0,0.21717209
1.0,0.78504974
1.0,0.88433766
