y_true,y_pred
1.0,0.9963904
0.0,0.0019276793
0.0,0.15929389
1.0,0.9997228
1.0,0.042194556
0.0,0.0029301792
0.0,0.49225014
1.0,0.98025984
0.0,2.0875875e-06
1.0,0.9959345
1.0,0.9991387
0.0,0.1323411
1.0,0.9187853
0.0,0.018373607
1.0,0.9999591
1.0,0.7491839
0.0,0.10238089
1.0,0.99998534
0.0,0.34631288
1.0,0.997654
1.0,0.99514776
0.0,0.72374064
0.0,0.025958369
0.0,0.017269446
1.0,0.8957437
0.0,0.12062733
