y_true,y_pred
1.0,0.8323805
0.0,0.48663458
0.0,0.55812216
1.0,0.51727
1.0,0.55061954
0.0,0.586609
0.0,0.05445559
1.0,0.9698267
0.0,0.59864455
1.0,0.0833246
1.0,0.6631212
0.0,0.8536609
1.0,0.70493877
0.0,0.27444425
1.0,0.770448
1.0,0.28933895
0.0,0.8033923
1.0,0.09806204
0.0,0.9540517
1.0,0.99965894
1.0,0.558186
0.0,0.997558
0.0,0.8646897
0.0,0.33162808
1.0,0.9092924
0.0,0.776953
1.0,0.94160044
1.0,0.30226582
0.0,0.23610176
1.0,0.93499583
1.0,0.23825479
