y_true,y_pred
1.0,0.9996387
0.0,0.9980428
0.0,0.9948959
1.0,0.99389064
1.0,0.29008904
0.0,0.7606836
0.0,0.93457377
1.0,0.998398
0.0,0.996238
1.0,0.8632971
1.0,0.99996126
0.0,0.026013829
1.0,0.9990496
0.0,0.63507444
1.0,0.41571364
1.0,0.99991393
0.0,0.67216843
1.0,0.98852414
0.0,0.12166496
1.0,0.9999274
1.0,0.9995442
0.0,0.09972385
0.0,0.98936325
0.0,0.72751385
1.0,0.5529657
0.0,0.92181915
1.0,0.99429566
1.0,0.57766265
0.0,0.99842846
1.0,0.94499916
