y_true,y_pred
1.0,0.16015367
0.0,0.004049808
0.0,0.0019068932
1.0,0.97416466
1.0,0.9961026
0.0,0.49260038
0.0,0.6153825
1.0,0.91251844
0.0,0.110926226
1.0,0.9950021
1.0,0.9974934
