y_true,y_pred
1.0,1.0
0.0,0.9999968
0.0,1.0
1.0,1.0
1.0,1.0
0.0,0.0002948497
0.0,0.00053778355
1.0,1.0
0.0,0.0036930146
1.0,0.99999917
1.0,1.0
0.0,0.60234094
1.0,0.9999999
0.0,0.0055997455
1.0,1.0
1.0,0.99999547
0.0,0.56914157
1.0,1.0
0.0,0.6740101
1.0,0.5110164
1.0,0.9888226
0.0,0.0004310273
0.0,0.002795525
0.0,0.0040239263
1.0,0.9999999
0.0,1.4553607e-05
1.0,1.0
1.0,0.99999344
0.0,0.99066097
1.0,0.9999987
1.0,1.0
0.0,0.07369998
1.0,0.9651048
