y_true,y_pred
1.0,0.9449867
0.0,0.23712553
0.0,0.99304354
1.0,0.9959125
1.0,0.9974528
0.0,0.9432799
0.0,0.3442142
1.0,0.98180586
0.0,0.98692536
1.0,0.9624909
1.0,0.1502724
0.0,0.9963259
1.0,0.99804854
0.0,0.8924448
1.0,0.9760351
1.0,0.999303
0.0,0.9997396
1.0,0.34476107
0.0,0.9445208
1.0,0.9823997
1.0,0.033030353
0.0,0.25247648
0.0,0.1148349
0.0,0.9421637
1.0,0.9999943
0.0,0.85873747
1.0,0.724451
1.0,0.9192317
0.0,0.997888
