y_true,y_pred
1.0,0.6922049
0.0,0.29235992
0.0,0.2978215
1.0,0.9747595
1.0,0.99708515
0.0,0.9949969
0.0,0.3645552
1.0,0.6158799
0.0,0.01793205
1.0,0.12621579
1.0,0.9850734
0.0,0.017110728
1.0,0.9793895
0.0,0.9952879
1.0,0.9633826
1.0,0.6884293
0.0,0.83694756
1.0,0.99842995
0.0,0.03703418
1.0,0.9999989
1.0,0.9932735
0.0,0.04497459
0.0,0.03929479
0.0,0.4772619
1.0,0.8958459
0.0,0.49960992
1.0,0.30651528
