y_true,y_pred
1.0,0.1412107
0.0,0.064501494
0.0,0.048912007
1.0,0.9980451
1.0,0.8171782
0.0,0.85606533
0.0,0.087321736
1.0,0.9751624
0.0,0.96484196
1.0,0.45356557
1.0,0.22256859
0.0,0.10346592
1.0,0.89275813
0.0,0.103377216
1.0,0.16397895
1.0,0.52798706
0.0,0.77906334
1.0,0.88660604
0.0,0.08440214
1.0,0.2731693
1.0,0.9863479
0.0,0.017390342
0.0,0.030590434
0.0,1.0
1.0,0.19083542
0.0,0.11301049
1.0,0.6680106
1.0,0.38117215
0.0,0.6564151
1.0,0.9973259
1.0,0.20703392
0.0,0.95516765
