y_true,y_pred
1.0,0.99999976
0.0,0.119891085
0.0,0.90462106
1.0,0.9967618
1.0,0.999721
0.0,0.20547773
0.0,0.346075
1.0,0.45903036
0.0,0.61425024
1.0,0.008201526
1.0,0.8861956
0.0,0.01288078
1.0,0.9739474
0.0,0.89547706
1.0,0.9998331
1.0,0.99999833
0.0,0.9994843
1.0,0.017166715
0.0,0.6120378
1.0,0.00025207302
1.0,0.38200414
0.0,0.3245883
0.0,0.8936348
0.0,0.98491466
1.0,0.9978618
0.0,0.0010962951
1.0,0.31172505
