y_true,y_pred
1.0,0.99999416
0.0,0.996926
0.0,0.99999666
1.0,0.999385
1.0,0.94599867
0.0,0.8630865
0.0,0.9996275
1.0,0.9957409
0.0,0.9568869
1.0,0.99200636
1.0,0.991463
0.0,0.8620069
1.0,0.99998975
0.0,0.99989116
1.0,0.97859544
1.0,0.9879773
0.0,0.97299224
1.0,0.9997099
0.0,0.9359365
1.0,0.9167086
1.0,0.000571539
0.0,0.999995
0.0,0.6653141
0.0,0.13792707
1.0,0.9072223
0.0,0.6968358
1.0,0.9767595
1.0,0.99997985
0.0,0.8784133
1.0,0.09604393
1.0,0.62639296
0.0,0.98389465
