y_true,y_pred
1.0,0.98198444
0.0,0.98826224
0.0,0.2293136
1.0,0.90004194
1.0,0.9034605
0.0,0.21479532
0.0,0.86188066
1.0,0.9766129
0.0,0.42254555
1.0,0.99002516
1.0,0.97926325
0.0,0.9707737
1.0,0.963399
0.0,0.17762464
1.0,0.34253937
1.0,0.49568674
0.0,0.52218324
1.0,0.99167246
0.0,0.75426817
1.0,0.9165745
1.0,0.41519138
0.0,0.98593026
0.0,0.98519254
0.0,0.9594633
1.0,0.9324595
0.0,0.8976735
1.0,0.97230667
