y_true,y_pred
1.0,0.99997795
0.0,0.38543218
0.0,0.24479258
1.0,0.9988048
1.0,0.66541046
0.0,0.027112216
0.0,0.94763726
1.0,0.99936694
0.0,0.9757323
1.0,0.0015326127
1.0,0.9999939
0.0,0.9857281
1.0,0.01899409
0.0,0.31570914
1.0,0.99996984
1.0,0.96651614
0.0,0.9994647
1.0,0.9998318
0.0,0.9600283
1.0,1.0
1.0,0.95538783
0.0,0.9940393
0.0,0.9999796
0.0,0.008512083
1.0,0.005192466
0.0,0.012954025
1.0,0.22047566
1.0,0.13033651
