y_true,y_pred
1.0,0.9999994
0.0,0.9768083
0.0,0.99957854
1.0,0.99977607
1.0,0.9999343
0.0,0.8539714
0.0,0.95022005
1.0,0.9999461
0.0,0.05440253
1.0,0.87481517
1.0,0.9999914
0.0,0.028807431
1.0,0.99753237
0.0,0.99394155
1.0,0.99782866
1.0,0.9990441
0.0,0.08886766
1.0,1.0
0.0,0.7542842
1.0,0.9994123
1.0,0.999997
0.0,0.0148186125
0.0,0.0347851
0.0,0.09255171
1.0,0.66198295
0.0,0.2631941
1.0,0.73829013
1.0,0.9983339
0.0,0.00018576058
1.0,0.11856849
