y_true,y_pred
1.0,0.9969223
0.0,0.49251103
0.0,0.66038674
1.0,0.9729201
1.0,0.9455926
0.0,0.6094377
0.0,0.5959678
1.0,0.8028939
0.0,0.013034419
1.0,0.99744797
1.0,0.66461027
0.0,0.1075162
1.0,0.8532788
0.0,0.74431956
1.0,0.89410335
1.0,0.8341978
0.0,0.20210184
1.0,0.99300236
0.0,0.11209824
1.0,0.81808877
1.0,0.9872061
0.0,0.017628469
0.0,0.04432381
0.0,0.074913174
1.0,0.9312251
0.0,0.025665447
1.0,0.9585452
1.0,0.979867
0.0,0.905529
