y_true,y_pred
1.0,0.9990306
0.0,0.04186974
0.0,0.9769463
1.0,0.9997968
1.0,0.9994923
0.0,0.4144945
0.0,0.029806603
1.0,0.9916078
0.0,0.60338527
1.0,0.97708625
1.0,0.9954146
0.0,0.99320215
1.0,0.99809486
0.0,0.10894606
1.0,0.4723803
1.0,0.9991134
0.0,0.0016601968
1.0,0.9982488
0.0,0.06451104
1.0,0.872962
1.0,0.9851657
0.0,0.114263974
0.0,0.99804544
