y_true,y_pred
1.0,0.9999262
0.0,0.8899497
0.0,0.9916011
1.0,1.0
1.0,0.9943744
0.0,0.94156164
0.0,0.96159977
1.0,0.9999716
0.0,0.99764246
1.0,0.99874806
1.0,0.9976827
0.0,0.9985935
1.0,0.9999317
0.0,0.9834667
1.0,0.99945635
1.0,0.39821035
0.0,0.9885749
1.0,0.9991297
0.0,0.97350895
1.0,0.9972727
1.0,0.66899633
0.0,0.79859203
0.0,0.5031213
0.0,0.87598914
1.0,0.89979637
0.0,0.94194424
1.0,0.9432266
1.0,0.9999597
0.0,0.995533
1.0,0.9271766
1.0,1.0
