y_true,y_pred
1.0,0.37074026
0.0,0.6122778
0.0,0.2917067
1.0,0.87930304
1.0,0.8292705
0.0,0.77987975
0.0,0.7985597
1.0,0.92455095
0.0,0.020906035
1.0,0.9649267
1.0,0.050163127
0.0,0.9996618
1.0,0.7616716
0.0,0.94236934
1.0,0.27785647
1.0,0.9873382
0.0,0.5144417
1.0,0.4366923
0.0,0.64282286
1.0,0.9198956
1.0,0.12389011
0.0,0.0044465344
0.0,0.17679152
0.0,0.84637994
1.0,0.9997943
0.0,0.81923777
1.0,0.9948205
1.0,0.9731663
0.0,0.9689134
1.0,0.9692309
1.0,0.9866877
0.0,0.99022573
1.0,0.35856646
