y_true,y_pred
1.0,0.9985954
0.0,0.5185803
0.0,0.17186195
1.0,0.9998809
1.0,0.5228729
0.0,0.0044657253
0.0,0.98833627
1.0,0.8123131
0.0,0.00046053107
1.0,0.9989673
1.0,0.5494375
0.0,0.004107293
1.0,0.7035557
0.0,0.94431883
1.0,0.9997346
1.0,0.8350897
0.0,0.99999833
1.0,0.99998105
0.0,0.16071282
1.0,0.97606397
1.0,0.9990988
0.0,0.08271736
0.0,8.986145e-06
0.0,0.039436575
1.0,0.97904396
0.0,0.8030582
1.0,0.9999969
1.0,0.9984201
0.0,0.6380448
1.0,0.99989164
1.0,1.0
