y_true,y_pred
1.0,0.55008435
0.0,0.35182577
0.0,0.564062
1.0,0.96062213
1.0,0.9537384
0.0,0.9696397
0.0,0.16773461
1.0,0.9851725
0.0,0.06782485
1.0,0.83474636
1.0,0.540217
0.0,0.41990057
1.0,0.6737126
0.0,0.0618118
1.0,0.9042161
1.0,0.6894274
0.0,0.85523254
1.0,0.9939136
0.0,0.2245429
1.0,0.35464716
1.0,0.9455167
0.0,0.98818344
0.0,0.8972225
0.0,0.14631018
