y_true,y_pred
1.0,0.9832903
0.0,0.02482
0.0,0.0014269568
1.0,0.99511445
1.0,0.01450846
0.0,0.0055546514
0.0,0.020841368
1.0,0.6330124
0.0,0.0009721071
1.0,0.9999976
1.0,1.0
0.0,0.9710391
1.0,0.76366085
0.0,0.7375817
1.0,1.0
1.0,0.9999993
0.0,2.629021e-05
1.0,0.92526513
0.0,0.11476518
1.0,0.9999671
1.0,0.999954
0.0,0.9954947
0.0,0.9999999
0.0,0.23863338
1.0,0.44081354
0.0,0.9999008
1.0,0.92372113
1.0,0.99574995
0.0,0.70917964
1.0,1.0
