y_true,y_pred
1.0,0.99998534
0.0,0.99989915
0.0,0.99865097
1.0,0.93026316
1.0,1.0
0.0,0.3879028
0.0,0.74995136
1.0,0.9995745
0.0,0.97506034
1.0,0.9999999
1.0,0.9999982
0.0,0.9984786
1.0,0.9990275
0.0,0.55387783
1.0,0.9571286
1.0,0.99999034
0.0,0.20635709
1.0,0.999998
0.0,0.0003360283
1.0,0.9999715
1.0,0.99900997
0.0,0.42597714
0.0,9.749296e-05
0.0,0.95678395
1.0,0.97833544
0.0,0.8443291
1.0,0.9994943
1.0,0.9984861
0.0,0.9962547
1.0,0.99999917
1.0,0.99996066
