y_true,y_pred
1.0,0.99999964
0.0,0.0025569312
0.0,0.914336
1.0,0.8153441
1.0,0.9827921
0.0,0.9966934
0.0,0.9598781
1.0,0.9993125
0.0,0.49112737
1.0,0.9863094
1.0,0.9999448
0.0,0.04089394
1.0,1.0
0.0,0.00021009672
1.0,0.99999225
1.0,0.004893354
0.0,0.011832435
1.0,0.3970597
0.0,0.9937843
1.0,0.9965168
1.0,0.9994686
0.0,0.027790971
0.0,0.7040495
0.0,0.9892889
1.0,0.9996592
0.0,0.43382967
1.0,0.9821463
1.0,1.0
0.0,0.7257126
1.0,0.008624558
1.0,0.96996874
