y_true,y_pred
1.0,0.7518182
0.0,0.0647683
0.0,0.99999166
1.0,0.99954
1.0,0.9997664
0.0,0.01026087
0.0,0.879148
1.0,0.92364156
0.0,0.9881797
1.0,0.84324604
1.0,0.99220157
0.0,0.2542978
1.0,0.99581856
0.0,0.6824997
1.0,0.9987644
1.0,0.99942124
0.0,0.9992467
1.0,0.999689
0.0,0.11786472
1.0,0.9105367
1.0,0.9908241
0.0,0.9999999
0.0,0.99989164
0.0,0.021043437
1.0,0.9999608
0.0,0.99937445
1.0,0.99998116
