y_true,y_pred
1.0,0.9096223
0.0,0.9934801
0.0,0.093245916
1.0,0.17226045
1.0,0.94125164
0.0,0.48040062
0.0,0.94626105
1.0,0.40141252
0.0,0.2637717
1.0,0.13004197
1.0,0.9891298
0.0,0.9835618
1.0,0.21366967
0.0,0.5887844
1.0,0.99191743
1.0,0.8568476
0.0,0.18399149
1.0,0.87748396
0.0,0.81671363
1.0,0.9767139
1.0,0.95073146
0.0,0.9567276
0.0,0.605774
0.0,0.21377265
1.0,0.73360944
0.0,0.099647366
1.0,0.995235
1.0,0.9692183
