y_true,y_pred
1.0,0.0063347216
0.0,0.009739663
0.0,0.28591296
1.0,0.99986815
1.0,7.662336e-05
0.0,2.2786455e-05
0.0,0.9807935
1.0,0.97504485
0.0,0.012144859
1.0,0.9999746
1.0,0.9992161
0.0,0.9991092
1.0,0.7501384
0.0,0.11272373
1.0,0.8044523
1.0,0.98369884
0.0,0.014098938
1.0,0.16047227
0.0,0.05216143
1.0,0.9769762
1.0,0.97446185
0.0,0.6689742
0.0,0.9518233
0.0,0.9713381
1.0,0.9910164
0.0,0.3386486
1.0,0.99978095
1.0,0.99997044
0.0,2.9735816e-06
