y_true,y_pred
1.0,0.99972194
0.0,0.13126317
0.0,0.9315458
1.0,0.99136657
1.0,0.99896085
0.0,0.67276096
0.0,0.792116
1.0,0.99994767
0.0,0.9974496
1.0,0.99887794
1.0,0.9976006
0.0,0.5053991
1.0,0.9997446
0.0,0.9539234
1.0,0.9998461
1.0,0.99999774
0.0,0.98911524
1.0,0.96715796
0.0,0.67921424
1.0,0.9976332
1.0,0.9755951
0.0,0.9999982
0.0,0.6832973
0.0,0.9319198
1.0,0.22090343
0.0,0.6685218
1.0,0.985664
