y_true,y_pred
1.0,0.9846847
0.0,0.010502804
0.0,0.09011899
1.0,0.99520123
1.0,0.98449117
0.0,0.0023749492
0.0,0.4126589
1.0,0.98826164
0.0,0.7415084
1.0,0.9975592
1.0,0.99928826
0.0,0.08996853
1.0,0.27077127
0.0,0.018549312
1.0,0.99642843
1.0,0.991829
0.0,0.7439718
1.0,0.37635216
0.0,0.27450404
1.0,0.8054901
1.0,0.9984819
0.0,0.34116706
0.0,0.1863646
0.0,0.2775553
1.0,0.96712923
0.0,0.13896397
1.0,0.99792165
1.0,0.9083684
0.0,0.18952043
1.0,0.85351235
1.0,0.95208555
0.0,0.035475675
