y_true,y_pred
1.0,0.997421
0.0,0.99490064
0.0,0.42091337
1.0,0.99558485
1.0,0.99577457
0.0,0.2865537
0.0,0.7651083
1.0,0.97685504
0.0,0.70941126
1.0,0.9954342
1.0,0.99966013
0.0,0.94400877
1.0,0.9377013
0.0,0.95159566
1.0,0.95998114
1.0,0.99735403
0.0,0.1577935
1.0,0.9932318
0.0,0.080990486
1.0,0.9998184
1.0,0.97541964
0.0,0.096470125
0.0,0.014936265
0.0,0.085199594
1.0,0.03008244
0.0,0.97545403
1.0,0.9527386
1.0,0.9969484
0.0,0.23471725
