y_true,y_pred
1.0,0.26918828
0.0,0.49814296
0.0,0.8361908
1.0,0.8893913
1.0,0.99689376
0.0,0.994618
0.0,0.9171803
1.0,0.9340881
0.0,0.7452376
1.0,0.9984706
1.0,0.025874754
0.0,0.082739115
1.0,0.14799917
0.0,0.5623468
1.0,0.99923515
1.0,0.99981076
0.0,0.99955255
1.0,0.018037258
0.0,0.9986761
1.0,0.9999949
1.0,0.9935603
0.0,0.9982672
0.0,0.770741
0.0,0.99955934
1.0,0.9370646
0.0,0.06795481
