y_true,y_pred
1.0,0.9720552
0.0,0.9584098
0.0,0.96534926
1.0,0.4941205
1.0,0.46232694
0.0,0.8582823
0.0,0.39460343
1.0,0.95586926
0.0,0.5842636
1.0,0.5576052
1.0,0.28880048
0.0,0.65649956
1.0,0.8360759
0.0,0.8998712
1.0,0.9408701
1.0,0.66596836
0.0,0.85297275
1.0,0.74651474
0.0,0.04349589
1.0,0.72157395
1.0,0.740941
0.0,0.9975286
0.0,0.00030859307
0.0,0.80331707
1.0,0.72396684
0.0,0.96519667
1.0,0.56473756
1.0,0.77384424
0.0,0.89157814
1.0,0.95019656
1.0,0.8003228
