y_true,y_pred
1.0,0.5897719
0.0,0.50294256
0.0,1.0
1.0,0.9999367
1.0,0.98430955
0.0,0.09164369
0.0,0.6384824
1.0,0.99985266
0.0,0.42034143
1.0,0.9999509
1.0,0.9987948
0.0,0.98659444
1.0,1.0
0.0,0.8206761
1.0,0.99998367
1.0,0.99997926
0.0,0.016583828
1.0,0.12242725
0.0,0.28242928
1.0,0.5832871
1.0,0.99988234
0.0,0.5965985
0.0,0.9991928
0.0,0.99999034
1.0,0.9999095
0.0,0.18012156
1.0,0.9970674
1.0,0.9999831
0.0,0.84756863
1.0,1.0
1.0,0.999974
