y_true,y_pred
1.0,0.99587613
0.0,0.936406
0.0,0.9941011
1.0,0.98333436
1.0,0.9981468
0.0,0.999113
0.0,0.73725045
1.0,0.9609189
0.0,0.9637663
1.0,0.7541751
1.0,0.92190844
0.0,0.0072748517
1.0,0.9987286
0.0,0.39397374
1.0,0.89933074
1.0,0.99966943
0.0,0.028538877
1.0,0.99212754
0.0,0.20590457
1.0,0.9792044
1.0,0.9978794
0.0,0.757151
0.0,0.040570017
0.0,0.9993994
1.0,0.9997681
0.0,0.27775806
1.0,0.41395465
1.0,0.99973327
0.0,0.0083661955
