y_true,y_pred
1.0,0.97326195
0.0,0.99389136
0.0,0.89891094
1.0,0.9996259
1.0,0.2037524
0.0,0.9999714
0.0,0.9936439
1.0,0.97073686
0.0,0.9239363
1.0,0.9997279
1.0,0.1061954
0.0,0.9810626
1.0,0.9991867
0.0,0.1474132
1.0,0.6586957
1.0,0.94440806
0.0,0.96296924
1.0,0.4927758
0.0,0.33555955
1.0,0.9875871
1.0,0.99970216
0.0,0.047748942
0.0,0.919462
0.0,0.99999595
1.0,0.905141
0.0,0.8925263
1.0,0.9996339
1.0,0.9883514
