y_true,y_pred
1.0,0.9999882
0.0,0.39337996
0.0,0.71485186
1.0,0.92454416
1.0,0.12653281
0.0,0.16100198
0.0,0.12560178
1.0,0.9972422
0.0,0.031200757
1.0,0.9986035
1.0,0.1500381
0.0,0.8098678
1.0,0.9921416
0.0,0.0045097326
1.0,0.5522212
1.0,0.6405243
0.0,0.024905166
1.0,0.09928764
0.0,0.040135037
1.0,0.78939986
1.0,0.9750531
0.0,0.68676347
0.0,5.5024324e-05
0.0,0.9998777
1.0,0.99741864
0.0,0.61331916
1.0,0.6495203
1.0,0.9999999
0.0,0.7765205
1.0,0.98027235
