y_true,y_pred
1.0,0.9499917
0.0,0.24563278
0.0,0.9163121
1.0,0.99167866
1.0,0.96070135
0.0,0.9151517
0.0,0.5358214
1.0,0.7722755
0.0,0.73998696
1.0,0.9958515
1.0,0.8657378
0.0,0.98704684
1.0,0.48565033
0.0,0.95474064
1.0,0.96856993
1.0,0.80174834
0.0,0.10870721
1.0,0.07090205
0.0,0.09812934
1.0,0.2327719
1.0,0.96646065
0.0,0.2184016
0.0,0.7034884
0.0,0.84578335
1.0,0.9719312
0.0,0.27736786
1.0,0.69017607
1.0,0.9827337
0.0,0.5759654
1.0,0.9879255
1.0,0.85162175
0.0,0.34245387
