y_true,y_pred
1.0,0.9999312
0.0,0.99989533
0.0,0.9910076
1.0,0.9999982
1.0,0.99144214
0.0,0.42779317
0.0,0.970189
1.0,0.96673274
0.0,0.09588243
1.0,0.9562554
1.0,0.9999999
0.0,0.97496176
1.0,0.85161966
0.0,0.22230741
1.0,0.99918205
1.0,0.56171745
0.0,0.99884987
1.0,0.6934239
0.0,0.9887474
1.0,0.7189279
1.0,0.87645733
0.0,0.98645717
0.0,0.8991306
0.0,0.76846856
1.0,0.81631315
0.0,0.08689368
1.0,1.0
1.0,0.99998367
0.0,0.7787663
1.0,0.87947994
1.0,0.999861
0.0,0.9219442
