y_true,y_pred
1.0,0.76062673
0.0,0.17287423
0.0,0.39163843
1.0,0.86742747
1.0,0.62653375
0.0,0.85668105
0.0,0.018191312
1.0,0.99999976
0.0,0.9690083
1.0,0.003751163
1.0,0.99998033
0.0,0.9558689
1.0,0.8037543
0.0,0.7484038
1.0,0.9962894
1.0,0.8031268
0.0,0.99688053
1.0,0.7784203
0.0,0.9900242
1.0,0.00084223534
1.0,0.9997085
0.0,0.9999889
0.0,0.94098264
0.0,0.999648
1.0,0.9872657
0.0,0.99980944
1.0,0.99994016
1.0,0.9876209
0.0,0.9882669
1.0,0.9999999
