y_true,y_pred
1.0,0.9985776
0.0,0.63275725
0.0,0.9997787
1.0,0.9999988
1.0,0.94562894
0.0,0.004185935
0.0,0.0060249497
1.0,0.9999974
0.0,1.0
1.0,0.99999714
1.0,0.99808145
0.0,0.999785
1.0,0.41989157
0.0,0.78170705
1.0,0.9996513
1.0,0.9894035
0.0,0.066532075
1.0,2.1365133e-05
0.0,1.0
1.0,0.99999976
1.0,0.9999652
0.0,0.99956673
0.0,0.8227309
0.0,0.9967667
1.0,1.0
0.0,0.9998005
1.0,0.96810985
1.0,1.0
0.0,0.9974515
