y_true,y_pred
1.0,0.9889487
0.0,0.99347395
0.0,0.99958533
1.0,0.99605715
1.0,0.9945971
0.0,0.9999701
0.0,0.99997556
1.0,0.99370885
0.0,0.8001726
1.0,0.97386044
1.0,0.9470389
0.0,0.7835542
1.0,0.17384389
0.0,0.99541384
1.0,0.99286383
1.0,0.4123146
0.0,0.9999999
1.0,0.9995435
0.0,0.0014015043
1.0,0.995226
1.0,0.9588497
0.0,0.9999882
0.0,0.91895103
0.0,0.99999833
1.0,0.9999926
0.0,0.67490435
1.0,0.93379104
