y_true,y_pred
1.0,0.9560654
0.0,0.96879524
0.0,0.21402858
1.0,0.13637894
1.0,0.9985007
0.0,0.9855775
0.0,0.4608448
1.0,0.96532005
0.0,0.9960288
1.0,0.99824
1.0,0.9224781
0.0,0.122119874
1.0,0.99642926
0.0,0.37790892
1.0,0.89514405
1.0,0.9963574
0.0,0.9988482
1.0,0.9991642
0.0,0.99852836
1.0,0.2571241
1.0,0.9925781
0.0,0.9838885
0.0,0.99080724
0.0,0.52986795
1.0,0.77967155
0.0,0.994521
1.0,0.9951981
1.0,0.9925323
0.0,0.6701146
1.0,0.76119864
1.0,0.73726475
0.0,0.59280825
