y_true,y_pred
1.0,0.99904937
0.0,0.9987619
0.0,0.9999255
1.0,0.9999926
1.0,0.9835713
0.0,0.29220372
0.0,0.86708045
1.0,0.9730666
0.0,0.6044418
1.0,0.99988496
1.0,0.9999567
0.0,0.024931386
1.0,0.9997372
0.0,0.9283002
1.0,0.89410716
1.0,0.64786804
0.0,0.99552566
1.0,0.9999975
0.0,0.10875079
1.0,0.55264705
1.0,0.99999976
0.0,0.8523404
0.0,0.98834956
0.0,0.8180298
1.0,0.24756466
0.0,0.6122387
1.0,0.7870105
1.0,0.94570154
0.0,0.4675748
1.0,0.9999136
1.0,1.0
0.0,0.5825763
1.0,0.9999974
