y_true,y_pred
1.0,0.9966138
0.0,0.22464363
0.0,0.9551909
1.0,0.82512176
1.0,0.9999895
0.0,0.64068633
0.0,0.2413059
1.0,0.99966466
0.0,0.99941313
1.0,0.9969971
1.0,0.999838
0.0,0.9974058
1.0,0.9999764
0.0,0.43365303
1.0,0.9981797
1.0,0.9999962
0.0,0.0008047813
1.0,0.99860114
0.0,0.9994986
1.0,0.8808554
1.0,0.99091935
0.0,0.88810855
0.0,0.69440544
0.0,0.09557718
1.0,1.0
0.0,0.14764138
1.0,0.92643726
1.0,0.9995882
0.0,0.48790297
1.0,0.9999976
1.0,0.8275721
0.0,0.99999535
1.0,0.9988249
