y_true,y_pred
1.0,0.9999999
0.0,0.33697906
0.0,0.8001944
1.0,0.15116315
1.0,0.9586734
0.0,0.48813623
0.0,0.023799619
1.0,0.99957496
0.0,0.86837816
1.0,0.9978834
1.0,0.9957903
0.0,0.24667943
1.0,0.77875197
0.0,0.9998523
1.0,0.9999999
1.0,1.0
0.0,0.8213261
1.0,0.9998915
0.0,0.52638334
1.0,0.93279296
1.0,0.92558557
0.0,0.07452496
0.0,0.0034883653
0.0,0.87777334
1.0,0.9810028
0.0,0.02753715
1.0,0.7974511
1.0,0.9999691
0.0,0.17483231
1.0,0.98902994
