y_true,y_pred
1.0,0.98405033
0.0,0.9995757
0.0,1.0
1.0,0.81341827
1.0,0.99940443
0.0,0.9374222
0.0,0.112172335
1.0,0.6507746
0.0,0.94963324
1.0,0.86852807
1.0,0.73723555
0.0,0.99999964
1.0,0.8164388
0.0,0.23086222
1.0,0.13723177
1.0,0.5614367
0.0,0.057605393
1.0,0.9979189
0.0,0.9998696
1.0,0.99915147
1.0,0.9985372
0.0,0.35260597
0.0,0.9985905
0.0,0.5405779
1.0,0.99998355
0.0,0.011941671
1.0,0.9962548
