y_true,y_pred
1.0,0.6299688
0.0,0.049221467
0.0,0.008954751
1.0,0.9500818
1.0,0.99755245
0.0,0.044366207
0.0,0.004052848
1.0,0.60796934
0.0,0.062561184
1.0,0.50948066
1.0,0.9074715
0.0,0.100799434
1.0,0.9786154
0.0,0.09456228
1.0,0.99916196
1.0,0.9891016
0.0,0.12899904
1.0,0.99953926
0.0,0.09386979
1.0,0.99996233
1.0,0.035669923
0.0,0.04518618
0.0,0.12205287
0.0,0.009640716
1.0,0.8601764
0.0,0.20780233
1.0,0.98445755
1.0,0.9355783
0.0,0.027043348
1.0,0.9817422
1.0,0.010389868
