y_true,y_pred
1.0,0.6300299
0.0,0.47385454
0.0,0.98846173
1.0,0.46424097
1.0,0.9999988
0.0,0.2251116
0.0,0.99994874
1.0,0.922934
0.0,0.90444785
1.0,0.71907735
1.0,0.99779993
0.0,0.018883491
1.0,0.06430354
0.0,0.9978708
1.0,0.91683424
1.0,0.9985102
0.0,0.054788318
1.0,0.011309766
0.0,0.97782326
1.0,0.0727518
1.0,0.06460692
0.0,0.9728167
0.0,0.26461813
0.0,0.8677842
1.0,0.9999888
0.0,0.09168746
1.0,0.99901557
1.0,0.7664464
0.0,0.009880308
1.0,0.9990435
1.0,0.82009214
0.0,0.18585907
