y_true,y_pred
1.0,0.9781214
0.0,0.87819076
0.0,0.5796155
1.0,0.9640079
1.0,0.98480254
0.0,0.7478963
0.0,0.9914021
1.0,0.9026468
0.0,0.8542542
1.0,0.7712145
1.0,0.459532
0.0,0.5576208
1.0,0.9963744
0.0,0.9495143
1.0,0.7998706
1.0,0.6186354
0.0,0.6712449
1.0,0.9186204
0.0,0.9389326
1.0,0.18699339
1.0,0.23891337
0.0,0.066632785
0.0,0.96342975
0.0,0.9584513
1.0,0.53792477
0.0,0.8510927
1.0,0.21471733
1.0,0.9864802
0.0,0.87395847
1.0,0.57072496
1.0,0.5648782
