y_true,y_pred
1.0,0.0017566001
0.0,0.019112332
0.0,0.014931171
1.0,0.9989606
1.0,0.9999993
0.0,0.99383885
0.0,0.816085
1.0,0.9978187
0.0,0.9901952
1.0,0.99870217
1.0,0.9999858
0.0,0.8613581
1.0,0.94547117
0.0,0.011492705
1.0,0.99995697
1.0,0.9968168
0.0,0.0009798349
1.0,0.4433728
0.0,0.018045789
1.0,0.9323563
1.0,0.9999944
0.0,0.03904286
0.0,0.022992529
0.0,0.7595558
1.0,0.99688643
0.0,0.042275216
1.0,0.98214966
1.0,0.99949443
0.0,0.6286075
1.0,0.9999652
