y_true,y_pred
1.0,0.71200293
0.0,0.014117655
0.0,0.0012275934
1.0,0.99998796
1.0,0.976025
0.0,0.0007945423
0.0,0.041235704
1.0,0.8139772
0.0,0.00033080808
1.0,0.9968478
1.0,1.0
0.0,0.009791349
1.0,0.84914935
0.0,0.12272996
1.0,0.999998
1.0,0.9997172
0.0,0.00054539565
1.0,0.92635214
0.0,0.0044767493
1.0,0.85794604
1.0,0.9698658
0.0,0.008702165
0.0,0.03878432
0.0,0.28022707
1.0,0.97924083
0.0,0.056931626
1.0,0.9644118
1.0,0.9999323
0.0,0.021530792
1.0,1.0
1.0,0.43158504
0.0,0.0039291787
1.0,1.0
