y_true,y_pred
1.0,0.23165381
0.0,0.6706144
0.0,0.07169349
1.0,0.6348531
1.0,0.9996941
0.0,0.08131662
0.0,0.97779137
1.0,0.65065134
0.0,0.5007855
1.0,0.6079627
1.0,0.98992425
0.0,0.43392366
1.0,0.20665316
0.0,0.4957325
1.0,0.99988747
1.0,0.82781607
0.0,0.25361875
1.0,0.5772616
0.0,0.8944265
1.0,0.98880017
1.0,0.991601
