y_true,y_pred
1.0,0.90545994
0.0,0.7662233
0.0,0.050738875
1.0,0.9687232
1.0,0.99959594
0.0,0.38475373
0.0,0.9497984
1.0,0.9981806
0.0,0.9993069
1.0,0.9998204
1.0,0.9999987
0.0,0.04814776
1.0,0.6247116
0.0,0.09753725
1.0,0.9999951
1.0,0.996151
0.0,0.27136123
1.0,0.2591039
0.0,0.91639596
1.0,0.07367791
1.0,0.9999994
0.0,0.9986426
0.0,0.8050825
0.0,0.9997875
1.0,0.9955942
