y_true,y_pred
1.0,0.99594694
0.0,0.9732626
0.0,0.004238575
1.0,0.99992526
1.0,0.3992847
0.0,0.9847231
0.0,0.9664892
1.0,0.11364859
0.0,0.005684562
1.0,0.014459929
1.0,0.7167165
0.0,0.9907873
1.0,0.99146736
0.0,0.56013393
1.0,0.999765
1.0,0.85075104
0.0,0.16770793
1.0,0.9830837
0.0,0.6564198
1.0,0.99873656
1.0,0.1365631
0.0,0.69808507
0.0,0.82572174
0.0,0.35451496
1.0,0.784919
0.0,0.9999808
1.0,0.9999993
