y_true,y_pred
1.0,0.86587816
0.0,0.040353432
0.0,0.37239036
1.0,0.5309664
1.0,0.07332227
0.0,0.9703673
0.0,0.16431423
1.0,0.8302737
0.0,0.99845445
1.0,0.8789212
1.0,0.17135774
0.0,0.5278559
1.0,0.78519696
0.0,0.98109347
1.0,0.7237813
1.0,0.841753
0.0,0.0036973786
1.0,0.18337461
0.0,0.08799748
1.0,0.92641807
1.0,0.98763925
0.0,0.64232135
0.0,0.4596029
0.0,0.016949695
