y_true,y_pred
1.0,0.8279615
0.0,0.18639734
0.0,0.31133783
1.0,0.602987
1.0,0.92284334
0.0,0.34748662
0.0,0.99658453
1.0,0.99305636
0.0,0.5561663
1.0,0.014654328
1.0,0.98177403
0.0,0.80424553
1.0,0.8505102
0.0,0.30463752
1.0,0.9881859
1.0,0.7218184
0.0,0.41085204
1.0,0.9255921
0.0,0.21802531
1.0,0.6917235
1.0,0.9955948
0.0,0.8869748
0.0,0.22327882
0.0,0.7777111
1.0,0.9985892
0.0,0.2908842
1.0,0.9939148
1.0,0.89073884
