y_true,y_pred
1.0,0.7801233
0.0,0.014055748
0.0,0.003306216
1.0,0.91162586
1.0,0.99972075
0.0,0.9258713
0.0,0.09212678
1.0,0.99277556
0.0,0.35900378
1.0,0.9994804
1.0,0.27037296
0.0,0.29652724
1.0,0.99895096
0.0,0.98049116
1.0,0.87147415
1.0,0.997256
0.0,0.7947643
1.0,0.37176368
0.0,0.30430633
1.0,0.9993382
1.0,0.9934843
0.0,0.99995995
0.0,0.96362686
0.0,0.78656965
1.0,0.97740614
0.0,0.7592534
1.0,0.801678
1.0,0.9920494
0.0,0.8758922
