y_true,y_pred
1.0,0.99865544
0.0,0.9996753
0.0,0.19614984
1.0,0.9970703
1.0,0.80418026
0.0,0.8830145
0.0,0.6106373
1.0,0.9766138
0.0,0.8196528
1.0,0.99748176
1.0,0.99153405
0.0,0.1161031
1.0,0.7466242
0.0,0.9419618
1.0,0.99337465
1.0,0.5280104
0.0,0.86326706
1.0,0.9992618
0.0,0.9849095
1.0,0.9049722
1.0,0.10123461
0.0,0.83448833
0.0,0.044978052
0.0,0.6429466
1.0,0.8429579
0.0,0.95929414
1.0,0.9983701
1.0,0.91880137
0.0,0.3453784
1.0,0.9667413
