y_true,y_pred
1.0,0.99983585
0.0,0.1122546
0.0,0.95458937
1.0,0.9748915
1.0,0.17742392
0.0,0.96001816
0.0,0.96433794
1.0,0.99867743
0.0,0.8830357
1.0,0.9758247
1.0,0.01030225
0.0,0.9946045
1.0,0.26666656
0.0,0.23509806
1.0,0.9996275
1.0,0.9656407
0.0,0.997081
1.0,0.0142353345
0.0,0.9121084
1.0,0.85478264
1.0,0.032273635
0.0,0.9804261
0.0,0.9978847
0.0,0.13608888
1.0,0.999683
