y_true,y_pred
1.0,0.9973333
0.0,0.02911644
0.0,0.4753831
1.0,0.9989619
1.0,0.99721164
0.0,0.99227095
0.0,0.93798774
1.0,0.9751648
0.0,0.9985098
1.0,0.8207694
1.0,0.99996364
0.0,0.9997019
1.0,0.9999964
0.0,0.9988632
1.0,0.9999914
1.0,0.95849335
0.0,0.9999372
1.0,0.99999905
0.0,0.008078886
1.0,0.8450379
1.0,0.9999763
0.0,0.016337154
0.0,0.99685067
0.0,0.996967
1.0,0.9999739
0.0,9.893502e-06
1.0,0.94063526
1.0,0.9999628
0.0,0.04047964
1.0,0.9960582
1.0,0.99449027
0.0,0.51952064
1.0,0.99996305
