y_true,y_pred
1.0,0.9991142
0.0,0.16103365
0.0,0.65783477
1.0,0.9987846
1.0,0.9957201
0.0,0.14531761
0.0,0.6863936
1.0,0.9985618
0.0,0.95335793
1.0,0.9907256
1.0,0.99761814
0.0,0.018790424
1.0,0.63726914
0.0,0.10785291
1.0,0.7141294
1.0,0.16587324
0.0,0.4377857
1.0,0.9501053
0.0,0.21515721
1.0,0.9982266
1.0,0.8512544
