y_true,y_pred
1.0,0.9999993
0.0,0.16831549
0.0,0.9978617
1.0,1.0
1.0,0.7672076
0.0,0.9987147
0.0,0.9144051
1.0,0.96665657
0.0,1.0
1.0,0.9999424
1.0,0.99862957
0.0,0.99957305
1.0,0.9929
0.0,0.75302356
1.0,0.9994937
1.0,0.99868673
0.0,0.27752534
1.0,0.99728024
0.0,0.9477371
1.0,1.0
1.0,0.9899635
0.0,0.7241361
0.0,0.6399542
0.0,0.5367927
1.0,0.7605173
0.0,0.972875
1.0,0.9988501
1.0,0.9929947
0.0,0.94207394
1.0,0.99992704
1.0,1.0
