y_true,y_pred
1.0,0.91087544
0.0,0.010066671
0.0,0.99765116
1.0,0.9701034
1.0,0.9980108
0.0,0.06328118
0.0,0.0093293
1.0,0.95396334
0.0,0.025895497
1.0,0.9952893
1.0,0.08003253
0.0,0.88883644
1.0,0.92221016
0.0,0.8049279
1.0,0.79311466
1.0,0.9928888
0.0,0.16474454
1.0,0.9970162
0.0,0.4227492
1.0,0.9970777
1.0,0.9188485
0.0,0.99796164
0.0,0.41203037
0.0,0.10622945
