y_true,y_pred
1.0,0.9982615
0.0,0.04431977
0.0,0.6482314
1.0,0.9932528
1.0,0.9998105
0.0,0.23846133
0.0,0.40462887
1.0,1.0
0.0,0.49484652
1.0,0.94478595
1.0,0.99999976
0.0,0.03707493
1.0,0.9864894
0.0,0.85924
1.0,0.9999924
1.0,0.9998005
0.0,0.001885137
1.0,1.0
0.0,0.6783997
1.0,0.99988663
1.0,0.92792183
0.0,0.08647125
0.0,0.8826139
0.0,0.0034292778
1.0,0.9999579
0.0,0.05674446
1.0,0.76611215
1.0,0.99200153
0.0,0.9997619
1.0,1.0
1.0,0.99998176
0.0,0.7233743
