y_true,y_pred
1.0,0.8221655
0.0,0.7399603
0.0,0.9734544
1.0,0.9907958
1.0,0.5322308
0.0,0.34660962
0.0,0.7308223
1.0,0.9645209
0.0,0.97102225
1.0,0.98508054
1.0,0.99838173
0.0,0.037052423
1.0,0.9795186
0.0,0.10747654
1.0,0.9597593
1.0,0.9986357
0.0,0.19617717
1.0,0.8029682
0.0,0.17785732
1.0,0.06976212
1.0,0.6860299
0.0,0.7656615
0.0,0.74418247
0.0,0.99879515
1.0,0.39984217
0.0,0.013051351
1.0,0.99359965
1.0,0.32018006
0.0,0.73247904
1.0,0.99775594
1.0,0.9999999
0.0,0.04276514
